﻿Name,Subdomains,basic recon,Takeovers,DIRB,js,Github,nmap,XSS,SQLI
,No,No,No,No,No,No,No,No,No
,No,No,No,No,No,No,No,No,No
,No,No,No,No,No,No,No,No,No
,No,No,No,No,No,No,No,No,No
,No,No,No,No,No,No,No,No,No
,No,No,No,No,No,No,No,No,No
,No,No,No,No,No,No,No,No,No
,No,No,No,No,No,No,No,No,No
,No,No,No,No,No,No,No,No,No
,No,No,No,No,No,No,No,No,No
,No,No,No,No,No,No,No,No,No
,No,No,No,No,No,No,No,No,No
,No,No,No,No,No,No,No,No,No
,No,No,No,No,No,No,No,No,No
,No,No,No,No,No,No,No,No,No
khealth,No,No,No,No,No,No,No,No,No
booking.com,Yes,No,No,No,No,No,No,No,No
http://pagerduty.com/,Yes,No,No,No,No,No,No,No,No