﻿Name,1 TIME,"1,4A,4B",2 TIME,PYQ
MOLE CONCEPT,Done,Not started,Not started,Not started
ATOMIC STRUCTURE,Done,Not started,Not started,Not started
REDOX REACTIONS,Not started,Not started,Not started,Not started
GASEOUS STATE,Not started,Not started,Not started,Not started
THERMODYNAMICS,Not started,Not started,Not started,Not started
EQUILIBRIUM,Not started,Not started,Not started,Not started
SOLID STATE,Not started,Not started,Not started,Not started
SOLUTIONS,Done,Not started,Not started,Not started
CHEMICAL KINETICS,Done,Not started,Not started,Not started
ELECTROCHEMISTRY,Not started,Not started,Not started,Not started
SURFACE CHEMISTRY,Not started,Not started,Not started,Not started
PERIODIC,Done,Not started,Not started,Not started
BONDING,Done,Not started,Not started,Not started
COORDINATION COMPUNDS,Done,Not started,Not started,Not started
S BLOCK,Not started,Not started,Not started,Not started
P BLOCK,Not started,Not started,Not started,Not started
D AND F BLOCK,Done,Not started,Not started,Not started
METALLURGY,Not started,Not started,Not started,Not started
SALT ANALYSIS,Not started,Not started,Not started,Not started
NOMENCLATURE,Done,Not started,Not started,Not started
GOC,Done,Not started,Not started,Not started
ISOMERISM,Done,Not started,Not started,Not started
HYDROCARBONS,Done,Not started,Not started,Not started
HALOALKANES AND HALOARENES,Done,Not started,Not started,Not started
"ALCOHOL , ETHER AND PHENOL ",Done,Not started,Not started,Not started
"ALDEHYDE , KETONE AND CARBOXYLIC",Not started,Not started,Not started,Not started
AMINES,Not started,Not started,Not started,Not started
BIOMOLECULES,Not started,Not started,Not started,Not started
CHEMISTRY IN EVERYDAY LIFE,Not started,Not started,Not started,Not started
ENVIRONMENTAL CHEMISTRY,Not started,Not started,Not started,Not started