﻿Name,Status,2024,2023,2022,Date
Vector Algebra,Done,Not started,Not started,Not started,
Three-Dimensional Geometry,Done,Not started,Not started,Not started,
Sequences and Series,Done,Not started,Not started,Not started,
Binomial Theorem,Done,Not started,Not started,Not started,
Functions,Done,Not started,Not started,Not started,
Definite Integration,Done,Not started,Not started,Not started,
Differential Equations,Not started,Not started,Not started,Not started,
Matrices,Done,Not started,Not started,Not started,
Determinants,Done,Not started,Not started,Not started,
Application of Derivatives,Not started,Not started,Not started,Not started,
Statistics,Not started,Not started,Not started,Not started,
Straight Lines,Done,Not started,Not started,Not started,
Permutation Combination,Done,Not started,Not started,Not started,
Probability,Not started,Not started,Not started,Not started,
Complex Number,Done,Not started,Not started,Not started,
Quadratic Equation,Done,Not started,Not started,Not started,
Circle,Done,Not started,Not started,Not started,
Limits,Done,Not started,Not started,Not started,
Area Under Curves,Not started,Not started,Not started,Not started,
Sets and Relations,Done,Not started,Not started,Not started,
Differentiation,Done,Not started,Not started,Not started,
Continuity and Differentiability,Done,Not started,Not started,Not started,
Parabola,Not started,Not started,Not started,Not started,
Ellipse,Not started,Not started,Not started,Not started,
Hyperbola,Not started,Not started,Not started,Not started,
Inverse Trigonometric Functions,Done,Not started,Not started,Not started,
Trigonometric Ratios & Identities,Done,Not started,Not started,Not started,
Trigonometric Equations,Not started,Not started,Not started,Not started,
Indefinite Integration,Done,Not started,Not started,Not started,