﻿Name,1 TIME,PYQ
UNIT AND DIMESIONS,Not started,Not started
KINEMATICS,Done,Not started
NLM AND FRICTION,Done,Not started
WPE,Done,Not started
ROTATIONAL,Not started,Not started
FLUIDS,Not started,Not started
SHM,Not started,Not started
WAVES,Done,Not started
HEAT AND THERMO,Not started,Not started
GRAVITATION,Not started,Not started
ELECTROSTATICS,Done,Not started
CAPACITANCE,Done,Not started
CURRENT,Done,Not started
MOVING CHARGES,Done,Not started
"MAGNETISM AND MATTER ",Done,Not started
EMI,Done,Not started
AC,Not started,Not started
EM WAVES,Done,Not started
RAY OPTICS,Done,Not started
WAVE OPTICS,Not started,Not started
DUAL NATURE,Done,Not started
ATOMS,Done,Not started
NUCLEI,Done,Not started
SEMICONDUCTORS,Not started,Not started