﻿URL,"trick ",Tags,Gateway,Tamper,C2S,+-,ADMIN PANEL,SQLI
https://tootoo.in/,"change payment to razorpay from cod in request ","otp bypass, shows payment complete without paying","razorpay ",Not started,Not started,Not started,Not started,Not started
https://mooviofashion.com/,site down,,,Not started,Not started,Not started,Not started,Not started
https://www.stylestry.com/women-footwear/sneakers?utm_source=google&utm_medium=cpc&utm_campaign=sneakers_all&gad_source=1,,,gokwik,Not started,Not started,Not started,Not started,Not started
http://dhartii.in/,shows nothing,,,Not started,Not started,Not started,Not started,Not started
http://www.powerlook.in/,,amount changed error,razorpay,Not started,Not started,Not started,Not started,Not started
https://www.clarks.in/,,price changes in cart but changes back during payment,"razorpay ",Not started,Not started,Not started,Not started,Not started
https://www.wrapistry.com/,need to add in cart and intercept,+- bug in cart,payu,Not started,Not started,Not started,Not started,Not started
http://chestore.in/,"+- no bug , temper not tried ",,,Not started,Not started,Not started,Not started,Not started
http://www.xenpachi.in/,,,,Not started,Not started,Not started,Not started,Not started
http://kezualstyles.com/,,,,Not started,Not started,Not started,Not started,Not started
http://irusu.co.in/,,,,Not started,Not started,Not started,Not started,Not started
https://teeshopper.in/,"Tamper in paytm ",Price Tamper,paytm,Done,Not started,Not started,Not started,Not started
http://www.mmtees.in/,,,,Done,Done,Done,Not started,Done
https://www.merchdeck.in/product-tag/anime-tshirts/,,,,Done,Done,Done,Not started,Not started
https://store.shoopy.in/sage-shops,,,,Not started,Not started,Not started,Not started,Not started
algemeen,,,,Not started,Not started,Not started,Not started,Not started