﻿Name,Date,Tags
FST 2,"December 2, 2024",Not started
FST 4,"December 4, 2024",Not started
FST 6,"December 6, 2024",Not started
FST 8,"December 8, 2024",Not started
FST 9,"December 9, 2024",Not started
FST 10,"December 10, 2024",Not started
FST 11,"December 11, 2024",Not started
FST 12,"December 12, 2024",Not started
FST 13,"December 13, 2024",Not started
FST 14,"December 14, 2024",Not started
FST 15,"December 15, 2024",Not started
FST 16,"December 16, 2024",Not started
FST 17,"December 17, 2024",Not started
FST 18,"December 18, 2024",Not started
FST 19,"December 19, 2024",Not started
FST 20,"December 20, 2024",Not started
TEST 1,"September 15, 2024",Not started
TEST 2,"September 22, 2024",Not started
TEST 3,"September 29, 2024",Not started
"TEST 4 ","October 6, 2024",Not started
"TEST 5 ","October 13, 2024",Not started
TEST 6,"October 20, 2024",Not started
"TEST 7 ","October 27, 2024",Not started
TEST 8,"November 10, 2024",Not started
DIWALI,"November 2, 2024",Not started
TEST 9,"November 17, 2024",Not started
TEST 10,"November 24, 2024",Not started
FST 1,"December 1, 2024",Not started
FST 3,"December 3, 2024",Not started
FST 5,"December 5, 2024",Not started
FST 7,"December 7, 2024",Not started
,,Not started
,,Not started
,,Not started
,,Not started
,,Not started
,,Not started
,,Not started
,,Not started
,,Not started
,,Not started
,,Not started
,,Not started
,,Not started
,,Not started
"Habit Tracker ? ",,Not started